Bond,Price,Coupon,StartTime,Maturity
15,100.216,2.5,0,1
16,100.136,1.375,0,1
17,100.146,1.5,0,1
18,100.186,1.875,0,1
19,100.224,2,0,1
20,100.282,2.5,0,1
21,100.14,1.125,0,1
22,100.22,1.75,0,1
23,100.234,1.875,0,1
24,101.01,2.375,0,1
25,100.05,0.375,0,1
26,100.262,1.75,0,1
27,100.282,1.875,0,1
28,101.05,2.25,0,1
29,100.012,0.125,0,1
30,100.306,1.75,0,1
31,101.01,1.875,0,1
32,101.01,1.75,0,1
33,101.084,2.125,0,1
34,100.012,0.125,0,1
35,101.03,1.75,0,1
36,101.056,1.875,0,1
37,101.052,1.75,0,1
38,100.012,0.125,0,1
39,101.076,1.75,0,1
40,101.162,2.125,0,1
41,101.094,1.75,0,1
42,100.012,0.125,0,1
43,101.15,1.875,0,1
44,101.182,2,0,1
45,101.07,1.5,0,1
46,101.104,1.625,0,1
47,106.044,7.25,0,1
48,100.012,0.125,0,1
49,101.124,1.625,0,1
50,101.194,1.875,0,1
51,101.104,1.5,0,1
52,100.01,0.125,0,1
53,101.202,1.75,0,1
54,101.24,1.875,0,1
55,101.1,1.375,0,1
56,100.01,0.125,0,1
57,101.286,1.875,0,1
58,102.01,2,0,1
59,101.214,1.625,0,1
60,108.092,7.625,0,1
61,100,0.125,0,1
62,102.052,2,0,1
63,101.25,1.625,0,1
64,99.314,0.137,0,1
65,102.142,2.125,0,1
66,101.236,1.5,0,2
67,99.306,0.125,0,2
68,102.034,1.75,0,2
69,102.3,2.375,0,2
70,101.212,1.375,0,2
71,102.166,2,0,2
72,109.144,7.125,0,2
73,99.3,0.125,0,2
74,101.28,1.5,0,2
75,103.142,2.625,0,2
76,100.152,0.5,0,2
77,99.292,0.125,0,2
78,101.306,1.5,0,2
79,103.14,2.5,0,2
80,100.03,0.25,0,2
81,99.282,0.125,0,2
82,102.076,1.625,0,2
83,103.316,2.75,0,2
84,99.28,0.125,0,2
85,102.156,1.75,0,2
86,99.272,0.125,0,2
87,102.104,1.625,0,2
88,104.056,2.75,0,2
89,100.014,0.25,0,2
90,99.266,0.125,0,2
91,102,1.375,0,2
92,104.046,2.625,0,2
93,99.26,0.125,0,2
94,99.254,0.125,0,2
95,101.27,1.25,0,2
96,104.176,2.75,0,2
97,99.246,0.125,0,2
98,104.056,2.5,0,2
99,111.05,6.25,0,2
100,99.236,0.125,0,2
101,102.036,1.375,0,2
102,104.23,2.75,0,2
103,99.232,0.125,0,2
104,99.3,0.25,0,2
105,102.056,1.375,0,2
106,105.04,2.875,0,2
107,99.212,0.125,0,2
108,102.232,1.625,0,2
109,105.1,2.875,0,2
110,99.284,0.25,0,2
111,105.042,2.75,0,2
112,103.282,2.125,0,2
113,105.152,2.875,0,2
114,99.176,0.125,0,2
115,104.082,2.25,0,2
116,105.022,2.625,0,2
117,99.156,0.125,0,3
118,104.302,2.5,0,3
119,99.144,0.125,0,3
120,105.202,2.75,0,3
121,104.062,2.125,0,3
122,104.244,2.375,0,3
123,99.214,0.25,0,3
124,104.082,2.125,0,3
125,99.29,0.375,0,3
126,104.012,2,0,3
127,104.21,2.25,0,3
128,99.162,0.25,0,3
129,105.12,2.5,0,3
130,104.03,2,0,3
131,99.14,0.25,0,3
132,103.16,1.75,0,3
133,104.06,2,0,3
134,99.226,0.375,0,3
135,103.184,1.75,0,3
136,104.194,2.125,0,3
137,99.204,0.375,0,3
138,105.114,2.375,0,3
139,102.046,1.25,0,3
140,103.312,1.875,0,3
141,99.182,0.375,0,3
142,102.292,1.5,0,3
143,104.236,2.125,0,3
144,102.296,1.5,0,3
145,105.07,2.25,0,3
146,105.076,2.25,0,3
147,121.142,7.5,0,3
148,102.292,1.5,0,3
149,104.28,2.125,0,3
150,103.236,1.75,0,3
151,105.11,2.25,0,3
152,102.166,1.375,0,4
153,106.074,2.5,0,4
154,104.192,2,0,4
155,123.126,7.625,0,4
156,101.216,1.125,0,4
157,107.044,2.75,0,4
158,99.146,0.5,0,4
159,106.254,2.625,0,4
160,98.294,0.375,0,4
161,107.242,2.875,0,4
162,105.036,2.125,0,4
163,98.112,0.25,0,4
164,107.272,2.875,0,4
165,98.084,0.25,0,4
166,107.154,2.75,0,4
167,98.044,0.25,0,4
168,108.014,2.875,0,4
169,104.242,2,0,4
170,123.126,6.875,0,4
171,98.004,0.25,0,4
172,107.212,2.75,0,4
173,97.294,0.25,0,4
174,108.232,3,0,4
175,97.246,0.25,0,4
176,108.264,3,0,4
177,105.264,2.25,0,4
178,98.05,0.375,0,4
179,108.126,2.875,0,4
180,98.014,0.375,0,4
181,107.142,2.625,0,4
182,97.294,0.375,0,5
183,107.164,2.625,0,5
184,103.074,1.625,0,5
185,122.006,6,0,5
186,98.12,0.5,0,5
187,107.02,2.5,0,5
188,99.116,0.75,0,5
189,106,2.25,0,5
190,99.096,0.75,0,5
191,106.192,2.375,0,5
192,103.064,1.625,0,5
193,99.066,0.75,0,5
194,105.162,2.125,0,5
195,99.216,0.875,0,5
196,104.122,1.875,0,5
197,98.146,0.625,0,5
198,104.13,1.875,0,5
199,102.186,1.5,0,5
200,127.18,6.75,0,5
201,98.314,0.75,0,5
202,101.312,1.375,0,5
203,99.164,0.875,0,5
204,103.056,1.625,0,5
205,103.03,1.625,0,5
206,104.306,2,0,5
207,127.144,6.5,0,5
208,103.026,1.625,0,5
209,103.23,1.75,0,5
210,102.126,1.5,0,6
211,106.08,2.25,0,6
212,129.064,6.625,0,6
213,100.124,1.125,0,6
214,97.202,0.625,0,6
215,96.25,0.5,0,6
216,106.314,2.375,0,6
217,96.202,0.5,0,6
218,96.176,0.5,0,6
219,95.232,0.375,0,6
220,106.094,2.25,0,6
221,129.306,6.375,0,6
222,96.082,0.5,0,6
223,95.316,0.5,0,6
224,106.096,2.25,0,6
225,129.13,6.125,0,6
226,96.19,0.625,0,6
227,96.156,0.625,0,6
228,97.034,0.75,0,7
229,109.132,2.75,0,7
230,99.112,1.125,0,7
231,99.316,1.25,0,7
232,99.296,1.25,0,7
233,110.096,2.875,0,7
234,99.266,1.25,0,7
235,99.242,1.25,0,7
236,98.012,1,0,7
237,110.142,2.875,0,7
238,127.25,5.5,0,7
239,98.246,1.125,0,7
240,99.184,1.25,0,7
241,112.104,3.125,0,7
242,127.006,5.25,0,7
243,109.002,2.625,0,8
244,127.18,5.25,0,8
245,107.102,2.375,0,8
246,101.266,1.625,0,8
247,135.242,6.125,0,8
248,102.234,1.75,0,8
